Sample	TruthGenotype
HG001	P001/P001
HG002	P001/P001
HG003	P001/P001
HG004	P001/P035
HG005	P001/P001
HG006	P001/P001
HG007	P001/P001
HG00438	P001/P001
HG00514	P001/P001
HG00621	P001/P001
HG00673	P001/P001
HG00731	P001/P028
HG00732	P001/P001
HG00733	P001/P001
HG00735	P001/P003
HG00741	Novel_Similar_P001/P001
HG01071	P001/P029
HG01106	P001/P033
HG01109	P001/P607
HG01175	Novel_Similar_P015/P001
HG01243	P001/P001
HG01258	P001/P001
HG01358	Novel_Similar_P002/P033
HG01361	P001/P023
HG01891	P015/P015
HG01928	P001/P042
HG01952	P001/P001
HG01978	P001/P001
HG02055	P001/P001
HG02080	P001/P001
HG02145	P003/P026
HG02148	P001/P003
HG02257	P001/P015
HG02572	Novel_Similar_P009/P016
HG02622	P001/P028
HG02630	P001/P001
HG02717	P001/P003
HG02723	P001/P001
HG02818	P001/P003
HG02886	P001/P001
HG02970	P001/P002
HG03453	P001/P001
HG03486	P001/P027
HG03492	P001/P001
HG03516	P001/P028
HG03540	P001/P035
HG03579	Novel_Similar_P015/P001
NA18906	Novel_Similar_P613/P035
NA19030	P035/P611
NA19240	Novel_Similar_P613/P003
NA20129	P001/P003
NA21309	P001/P035
