Sample	TruthGenotype
AWA4634-584	P029/P029
AWA4634-802	P021/P021
AWA4634-1285	P003/P616
AWA4634-1383	P001/P001
AWA4634-1463	P003/P003
AWA4634-1522	P001/P001
AWA4634-1594	P003/P003
AWA4634-1660	P002/P002
AWA4634-1921	P001/P002
AWA4634-2087	P001/P003
AWA4634-2096	P001/P001
AWA4634-2198	P001/P001
AWA4634-2683	P001/P001
AWA4634-2802	P001/P002
AWA4634-3383	P001/P001
AWA4634-3640	P001/P001
AWA4634-3825	P016/P016
AWA4634-3975	P001/P002
AWA4634-4005	P003/P003
AWA4634-4206	P016/P001
AWA4634-4551	P001/P001
AWA4634-4646	P001/P024
AWA4634-4893	P001/P001
AWA4634-5177	P003/P003
AWA4634-5213	P020/P020
AWA4634-5509	P001/P001
AWA4634-5567	P001/P001
AWA4634-5623	P001/P001
AWA4634-5752	P001/P001
AWA4634-5968	P001/P001
AWA4634-6046	P016/P016
AWA4634-6247	P001/P001
AWA4634-6273	P002/P002
AWA4634-6515	P001/P001
AWA4634-6735	P001/P001
AWA4634-6962	P003/P616
AWA4634-8312	P001/P003
AWA4634-8653	P001/P001
AWA4634-8881	P001/P001
AWA4634-8948	P001/P001
AWA4634-9128	P001/P001
AWA4634-9316	P001/P029
AWA4634-9323	P001/P001
AWA4634-9326	P001/P616
AWA4634-9339	P001/P029
AWA4634-9347	P024/P024
AWA4634-9378	Novel_Similar_P016/P001
AWA4634-9381	P001/P001
AWA4634-9407	P001/P001
